https://pkg.go.dev/github.com/bluesky-social/indigo/api/bsky#LabelerDefs_LabelerPolicies	https://atproto.social/ontology/app.bsky.labeler.defs#labelerPolicies
https://pkg.go.dev/github.com/bluesky-social/indigo/api/bsky#LabelerDefs_LabelerView	https://atproto.social/ontology/app.bsky.labeler.defs#labelerView
https://pkg.go.dev/github.com/bluesky-social/indigo/api/bsky#LabelerDefs_LabelerViewDetailed	https://atproto.social/ontology/app.bsky.labeler.defs#labelerViewDetailed
https://pkg.go.dev/github.com/bluesky-social/indigo/api/bsky#LabelerDefs_LabelerViewerState	https://atproto.social/ontology/app.bsky.labeler.defs#labelerViewerState
https://pkg.go.dev/github.com/bluesky-social/indigo/api/bsky#FeedDefs_BlockedAuthor	https://atproto.social/ontology/app.bsky.feed.defs#blockedAuthor
https://pkg.go.dev/github.com/bluesky-social/indigo/api/bsky#FeedDefs_BlockedPost	https://atproto.social/ontology/app.bsky.feed.defs#blockedPost
https://pkg.go.dev/github.com/bluesky-social/indigo/api/bsky#FeedDefs_FeedViewPost	https://atproto.social/ontology/app.bsky.feed.defs#feedViewPost
https://pkg.go.dev/github.com/bluesky-social/indigo/api/bsky#FeedDefs_GeneratorView	https://atproto.social/ontology/app.bsky.feed.defs#generatorView
https://pkg.go.dev/github.com/bluesky-social/indigo/api/bsky#FeedDefs_GeneratorViewerState	https://atproto.social/ontology/app.bsky.feed.defs#generatorViewerState
https://pkg.go.dev/github.com/bluesky-social/indigo/api/bsky#FeedDefs_Interaction	https://atproto.social/ontology/app.bsky.feed.defs#interaction
https://pkg.go.dev/github.com/bluesky-social/indigo/api/bsky#FeedDefs_NotFoundPost	https://atproto.social/ontology/app.bsky.feed.defs#notFoundPost
https://pkg.go.dev/github.com/bluesky-social/indigo/api/bsky#FeedDefs_PostView	https://atproto.social/ontology/app.bsky.feed.defs#postView
https://pkg.go.dev/github.com/bluesky-social/indigo/api/bsky#FeedDefs_ReasonPin	https://atproto.social/ontology/app.bsky.feed.defs#reasonPin
https://pkg.go.dev/github.com/bluesky-social/indigo/api/bsky#FeedDefs_ReasonRepost	https://atproto.social/ontology/app.bsky.feed.defs#reasonRepost
https://pkg.go.dev/github.com/bluesky-social/indigo/api/bsky#FeedDefs_ReplyRef	https://atproto.social/ontology/app.bsky.feed.defs#replyRef
https://pkg.go.dev/github.com/bluesky-social/indigo/api/bsky#FeedDefs_SkeletonFeedPost	https://atproto.social/ontology/app.bsky.feed.defs#skeletonFeedPost
https://pkg.go.dev/github.com/bluesky-social/indigo/api/bsky#FeedDefs_SkeletonReasonPin	https://atproto.social/ontology/app.bsky.feed.defs#skeletonReasonPin
https://pkg.go.dev/github.com/bluesky-social/indigo/api/bsky#FeedDefs_SkeletonReasonRepost	https://atproto.social/ontology/app.bsky.feed.defs#skeletonReasonRepost
https://pkg.go.dev/github.com/bluesky-social/indigo/api/bsky#FeedDefs_ThreadContext	https://atproto.social/ontology/app.bsky.feed.defs#threadContext
https://pkg.go.dev/github.com/bluesky-social/indigo/api/bsky#FeedDefs_ThreadViewPost	https://atproto.social/ontology/app.bsky.feed.defs#threadViewPost
https://pkg.go.dev/github.com/bluesky-social/indigo/api/bsky#FeedDefs_ThreadgateView	https://atproto.social/ontology/app.bsky.feed.defs#threadgateView
https://pkg.go.dev/github.com/bluesky-social/indigo/api/bsky#FeedDefs_ViewerState	https://atproto.social/ontology/app.bsky.feed.defs#viewerState
https://pkg.go.dev/github.com/bluesky-social/indigo/api/bsky#UnspeccedGetConfig_LiveNowConfig	https://atproto.social/ontology/app.bsky.unspecced.getConfig#liveNowConfig
https://pkg.go.dev/github.com/bluesky-social/indigo/api/bsky#EmbedExternal_External	https://atproto.social/ontology/app.bsky.embed.external#external
https://pkg.go.dev/github.com/bluesky-social/indigo/api/bsky#EmbedExternal_View	https://atproto.social/ontology/app.bsky.embed.external#view
https://pkg.go.dev/github.com/bluesky-social/indigo/api/bsky#EmbedExternal_ViewExternal	https://atproto.social/ontology/app.bsky.embed.external#viewExternal
https://pkg.go.dev/github.com/bluesky-social/indigo/api/bsky#UnspeccedGetTaggedSuggestions_Suggestion	https://atproto.social/ontology/app.bsky.unspecced.getTaggedSuggestions#suggestion
https://pkg.go.dev/github.com/bluesky-social/indigo/api/bsky#UnspeccedGetPostThreadOtherV2_ThreadItem	https://atproto.social/ontology/app.bsky.unspecced.getPostThreadOtherV2#threadItem
https://pkg.go.dev/github.com/bluesky-social/indigo/api/bsky#GraphDefs_ListItemView	https://atproto.social/ontology/app.bsky.graph.defs#listItemView
https://pkg.go.dev/github.com/bluesky-social/indigo/api/bsky#GraphDefs_ListView	https://atproto.social/ontology/app.bsky.graph.defs#listView
https://pkg.go.dev/github.com/bluesky-social/indigo/api/bsky#GraphDefs_ListViewBasic	https://atproto.social/ontology/app.bsky.graph.defs#listViewBasic
https://pkg.go.dev/github.com/bluesky-social/indigo/api/bsky#GraphDefs_ListViewerState	https://atproto.social/ontology/app.bsky.graph.defs#listViewerState
https://pkg.go.dev/github.com/bluesky-social/indigo/api/bsky#GraphDefs_NotFoundActor	https://atproto.social/ontology/app.bsky.graph.defs#notFoundActor
https://pkg.go.dev/github.com/bluesky-social/indigo/api/bsky#GraphDefs_Relationship	https://atproto.social/ontology/app.bsky.graph.defs#relationship
https://pkg.go.dev/github.com/bluesky-social/indigo/api/bsky#GraphDefs_StarterPackView	https://atproto.social/ontology/app.bsky.graph.defs#starterPackView
https://pkg.go.dev/github.com/bluesky-social/indigo/api/bsky#GraphDefs_StarterPackViewBasic	https://atproto.social/ontology/app.bsky.graph.defs#starterPackViewBasic
https://pkg.go.dev/github.com/bluesky-social/indigo/api/bsky#UnspeccedDefs_SkeletonSearchActor	https://atproto.social/ontology/app.bsky.unspecced.defs#skeletonSearchActor
https://pkg.go.dev/github.com/bluesky-social/indigo/api/bsky#UnspeccedDefs_SkeletonSearchPost	https://atproto.social/ontology/app.bsky.unspecced.defs#skeletonSearchPost
https://pkg.go.dev/github.com/bluesky-social/indigo/api/bsky#UnspeccedDefs_SkeletonSearchStarterPack	https://atproto.social/ontology/app.bsky.unspecced.defs#skeletonSearchStarterPack
https://pkg.go.dev/github.com/bluesky-social/indigo/api/bsky#UnspeccedDefs_SkeletonTrend	https://atproto.social/ontology/app.bsky.unspecced.defs#skeletonTrend
https://pkg.go.dev/github.com/bluesky-social/indigo/api/bsky#UnspeccedDefs_ThreadItemBlocked	https://atproto.social/ontology/app.bsky.unspecced.defs#threadItemBlocked
https://pkg.go.dev/github.com/bluesky-social/indigo/api/bsky#UnspeccedDefs_ThreadItemNoUnauthenticated	https://atproto.social/ontology/app.bsky.unspecced.defs#threadItemNoUnauthenticated
https://pkg.go.dev/github.com/bluesky-social/indigo/api/bsky#UnspeccedDefs_ThreadItemNotFound	https://atproto.social/ontology/app.bsky.unspecced.defs#threadItemNotFound
https://pkg.go.dev/github.com/bluesky-social/indigo/api/bsky#UnspeccedDefs_ThreadItemPost	https://atproto.social/ontology/app.bsky.unspecced.defs#threadItemPost
https://pkg.go.dev/github.com/bluesky-social/indigo/api/bsky#UnspeccedDefs_TrendView	https://atproto.social/ontology/app.bsky.unspecced.defs#trendView
https://pkg.go.dev/github.com/bluesky-social/indigo/api/bsky#UnspeccedDefs_TrendingTopic	https://atproto.social/ontology/app.bsky.unspecced.defs#trendingTopic
https://pkg.go.dev/github.com/bluesky-social/indigo/api/bsky#GraphStarterpack_FeedItem	https://atproto.social/ontology/app.bsky.graph.starterpack#feedItem
https://pkg.go.dev/github.com/bluesky-social/indigo/api/bsky#FeedPost_Entity	https://atproto.social/ontology/app.bsky.feed.post#entity
https://pkg.go.dev/github.com/bluesky-social/indigo/api/bsky#FeedPost_ReplyRef	https://atproto.social/ontology/app.bsky.feed.post#replyRef
https://pkg.go.dev/github.com/bluesky-social/indigo/api/bsky#FeedPost_TextSlice	https://atproto.social/ontology/app.bsky.feed.post#textSlice
https://pkg.go.dev/github.com/bluesky-social/indigo/api/bsky#RichtextFacet	https://atproto.social/ontology/app.bsky.richtext.facet#main
https://pkg.go.dev/github.com/bluesky-social/indigo/api/bsky#RichtextFacet_ByteSlice	https://atproto.social/ontology/app.bsky.richtext.facet#byteSlice
https://pkg.go.dev/github.com/bluesky-social/indigo/api/bsky#RichtextFacet_Link	https://atproto.social/ontology/app.bsky.richtext.facet#link
https://pkg.go.dev/github.com/bluesky-social/indigo/api/bsky#RichtextFacet_Mention	https://atproto.social/ontology/app.bsky.richtext.facet#mention
https://pkg.go.dev/github.com/bluesky-social/indigo/api/bsky#RichtextFacet_Tag	https://atproto.social/ontology/app.bsky.richtext.facet#tag
https://pkg.go.dev/github.com/bluesky-social/indigo/api/bsky#NotificationListNotifications_Notification	https://atproto.social/ontology/app.bsky.notification.listNotifications#notification
https://pkg.go.dev/github.com/bluesky-social/indigo/api/bsky#NotificationDefs_ActivitySubscription	https://atproto.social/ontology/app.bsky.notification.defs#activitySubscription
https://pkg.go.dev/github.com/bluesky-social/indigo/api/bsky#NotificationDefs_ChatPreference	https://atproto.social/ontology/app.bsky.notification.defs#chatPreference
https://pkg.go.dev/github.com/bluesky-social/indigo/api/bsky#NotificationDefs_FilterablePreference	https://atproto.social/ontology/app.bsky.notification.defs#filterablePreference
https://pkg.go.dev/github.com/bluesky-social/indigo/api/bsky#NotificationDefs_Preference	https://atproto.social/ontology/app.bsky.notification.defs#preference
https://pkg.go.dev/github.com/bluesky-social/indigo/api/bsky#NotificationDefs_Preferences	https://atproto.social/ontology/app.bsky.notification.defs#preferences
https://pkg.go.dev/github.com/bluesky-social/indigo/api/bsky#NotificationDefs_RecordDeleted	https://atproto.social/ontology/app.bsky.notification.defs#recordDeleted
https://pkg.go.dev/github.com/bluesky-social/indigo/api/bsky#NotificationDefs_SubjectActivitySubscription	https://atproto.social/ontology/app.bsky.notification.defs#subjectActivitySubscription
https://pkg.go.dev/github.com/bluesky-social/indigo/api/bsky#FeedGetLikes_Like	https://atproto.social/ontology/app.bsky.feed.getLikes#like
https://pkg.go.dev/github.com/bluesky-social/indigo/api/bsky#EmbedDefs_AspectRatio	https://atproto.social/ontology/app.bsky.embed.defs#aspectRatio
https://pkg.go.dev/github.com/bluesky-social/indigo/api/bsky#FeedThreadgate_FollowerRule	https://atproto.social/ontology/app.bsky.feed.threadgate#followerRule
https://pkg.go.dev/github.com/bluesky-social/indigo/api/bsky#FeedThreadgate_FollowingRule	https://atproto.social/ontology/app.bsky.feed.threadgate#followingRule
https://pkg.go.dev/github.com/bluesky-social/indigo/api/bsky#FeedThreadgate_ListRule	https://atproto.social/ontology/app.bsky.feed.threadgate#listRule
https://pkg.go.dev/github.com/bluesky-social/indigo/api/bsky#FeedThreadgate_MentionRule	https://atproto.social/ontology/app.bsky.feed.threadgate#mentionRule
https://pkg.go.dev/github.com/bluesky-social/indigo/api/bsky#ActorDefs_AdultContentPref	https://atproto.social/ontology/app.bsky.actor.defs#adultContentPref
https://pkg.go.dev/github.com/bluesky-social/indigo/api/bsky#ActorDefs_BskyAppProgressGuide	https://atproto.social/ontology/app.bsky.actor.defs#bskyAppProgressGuide
https://pkg.go.dev/github.com/bluesky-social/indigo/api/bsky#ActorDefs_BskyAppStatePref	https://atproto.social/ontology/app.bsky.actor.defs#bskyAppStatePref
https://pkg.go.dev/github.com/bluesky-social/indigo/api/bsky#ActorDefs_ContentLabelPref	https://atproto.social/ontology/app.bsky.actor.defs#contentLabelPref
https://pkg.go.dev/github.com/bluesky-social/indigo/api/bsky#ActorDefs_FeedViewPref	https://atproto.social/ontology/app.bsky.actor.defs#feedViewPref
https://pkg.go.dev/github.com/bluesky-social/indigo/api/bsky#ActorDefs_HiddenPostsPref	https://atproto.social/ontology/app.bsky.actor.defs#hiddenPostsPref
https://pkg.go.dev/github.com/bluesky-social/indigo/api/bsky#ActorDefs_InterestsPref	https://atproto.social/ontology/app.bsky.actor.defs#interestsPref
https://pkg.go.dev/github.com/bluesky-social/indigo/api/bsky#ActorDefs_KnownFollowers	https://atproto.social/ontology/app.bsky.actor.defs#knownFollowers
https://pkg.go.dev/github.com/bluesky-social/indigo/api/bsky#ActorDefs_LabelerPrefItem	https://atproto.social/ontology/app.bsky.actor.defs#labelerPrefItem
https://pkg.go.dev/github.com/bluesky-social/indigo/api/bsky#ActorDefs_LabelersPref	https://atproto.social/ontology/app.bsky.actor.defs#labelersPref
https://pkg.go.dev/github.com/bluesky-social/indigo/api/bsky#ActorDefs_MutedWord	https://atproto.social/ontology/app.bsky.actor.defs#mutedWord
https://pkg.go.dev/github.com/bluesky-social/indigo/api/bsky#ActorDefs_MutedWordsPref	https://atproto.social/ontology/app.bsky.actor.defs#mutedWordsPref
https://pkg.go.dev/github.com/bluesky-social/indigo/api/bsky#ActorDefs_Nux	https://atproto.social/ontology/app.bsky.actor.defs#nux
https://pkg.go.dev/github.com/bluesky-social/indigo/api/bsky#ActorDefs_PersonalDetailsPref	https://atproto.social/ontology/app.bsky.actor.defs#personalDetailsPref
https://pkg.go.dev/github.com/bluesky-social/indigo/api/bsky#ActorDefs_PostInteractionSettingsPref	https://atproto.social/ontology/app.bsky.actor.defs#postInteractionSettingsPref
https://pkg.go.dev/github.com/bluesky-social/indigo/api/bsky#ActorDefs_ProfileAssociated	https://atproto.social/ontology/app.bsky.actor.defs#profileAssociated
https://pkg.go.dev/github.com/bluesky-social/indigo/api/bsky#ActorDefs_ProfileAssociatedActivitySubscription	https://atproto.social/ontology/app.bsky.actor.defs#profileAssociatedActivitySubscription
https://pkg.go.dev/github.com/bluesky-social/indigo/api/bsky#ActorDefs_ProfileAssociatedChat	https://atproto.social/ontology/app.bsky.actor.defs#profileAssociatedChat
https://pkg.go.dev/github.com/bluesky-social/indigo/api/bsky#ActorDefs_ProfileView	https://atproto.social/ontology/app.bsky.actor.defs#profileView
https://pkg.go.dev/github.com/bluesky-social/indigo/api/bsky#ActorDefs_ProfileViewBasic	https://atproto.social/ontology/chat.bsky.actor.defs#profileViewBasic
https://pkg.go.dev/github.com/bluesky-social/indigo/api/bsky#ActorDefs_ProfileViewDetailed	https://atproto.social/ontology/app.bsky.actor.defs#profileViewDetailed
https://pkg.go.dev/github.com/bluesky-social/indigo/api/bsky#ActorDefs_SavedFeed	https://atproto.social/ontology/app.bsky.actor.defs#savedFeed
https://pkg.go.dev/github.com/bluesky-social/indigo/api/bsky#ActorDefs_SavedFeedsPref	https://atproto.social/ontology/app.bsky.actor.defs#savedFeedsPref
https://pkg.go.dev/github.com/bluesky-social/indigo/api/bsky#ActorDefs_SavedFeedsPrefV2	https://atproto.social/ontology/app.bsky.actor.defs#savedFeedsPrefV2
https://pkg.go.dev/github.com/bluesky-social/indigo/api/bsky#ActorDefs_StatusView	https://atproto.social/ontology/app.bsky.actor.defs#statusView
https://pkg.go.dev/github.com/bluesky-social/indigo/api/bsky#ActorDefs_ThreadViewPref	https://atproto.social/ontology/app.bsky.actor.defs#threadViewPref
https://pkg.go.dev/github.com/bluesky-social/indigo/api/bsky#ActorDefs_VerificationPrefs	https://atproto.social/ontology/app.bsky.actor.defs#verificationPrefs
https://pkg.go.dev/github.com/bluesky-social/indigo/api/bsky#ActorDefs_VerificationState	https://atproto.social/ontology/app.bsky.actor.defs#verificationState
https://pkg.go.dev/github.com/bluesky-social/indigo/api/bsky#ActorDefs_VerificationView	https://atproto.social/ontology/app.bsky.actor.defs#verificationView
https://pkg.go.dev/github.com/bluesky-social/indigo/api/bsky#ActorDefs_ViewerState	https://atproto.social/ontology/app.bsky.actor.defs#viewerState
https://pkg.go.dev/github.com/bluesky-social/indigo/api/bsky#VideoDefs_JobStatus	https://atproto.social/ontology/app.bsky.video.defs#jobStatus
https://pkg.go.dev/github.com/bluesky-social/indigo/api/bsky#FeedDescribeFeedGenerator_Feed	https://atproto.social/ontology/app.bsky.feed.describeFeedGenerator#feed
https://pkg.go.dev/github.com/bluesky-social/indigo/api/bsky#FeedDescribeFeedGenerator_Links	https://atproto.social/ontology/app.bsky.feed.describeFeedGenerator#links
https://pkg.go.dev/github.com/bluesky-social/indigo/api/bsky#EmbedImages_Image	https://atproto.social/ontology/app.bsky.embed.images#image
https://pkg.go.dev/github.com/bluesky-social/indigo/api/bsky#EmbedImages_View	https://atproto.social/ontology/app.bsky.embed.images#view
https://pkg.go.dev/github.com/bluesky-social/indigo/api/bsky#EmbedImages_ViewImage	https://atproto.social/ontology/app.bsky.embed.images#viewImage
https://pkg.go.dev/github.com/bluesky-social/indigo/api/bsky#UnspeccedGetPostThreadV2_ThreadItem	https://atproto.social/ontology/app.bsky.unspecced.getPostThreadV2#threadItem
https://pkg.go.dev/github.com/bluesky-social/indigo/api/bsky#EmbedVideo_Caption	https://atproto.social/ontology/app.bsky.embed.video#caption
https://pkg.go.dev/github.com/bluesky-social/indigo/api/bsky#EmbedVideo_View	https://atproto.social/ontology/app.bsky.embed.video#view
https://pkg.go.dev/github.com/bluesky-social/indigo/api/bsky#EmbedRecordWithMedia_View	https://atproto.social/ontology/app.bsky.embed.recordWithMedia#view
https://pkg.go.dev/github.com/bluesky-social/indigo/api/bsky#EmbedRecord_View	https://atproto.social/ontology/app.bsky.embed.record#view
https://pkg.go.dev/github.com/bluesky-social/indigo/api/bsky#EmbedRecord_ViewBlocked	https://atproto.social/ontology/app.bsky.embed.record#viewBlocked
https://pkg.go.dev/github.com/bluesky-social/indigo/api/bsky#EmbedRecord_ViewDetached	https://atproto.social/ontology/app.bsky.embed.record#viewDetached
https://pkg.go.dev/github.com/bluesky-social/indigo/api/bsky#EmbedRecord_ViewNotFound	https://atproto.social/ontology/app.bsky.embed.record#viewNotFound
https://pkg.go.dev/github.com/bluesky-social/indigo/api/bsky#EmbedRecord_ViewRecord	https://atproto.social/ontology/app.bsky.embed.record#viewRecord
https://pkg.go.dev/github.com/bluesky-social/indigo/api/bsky#FeedPostgate_DisableRule	https://atproto.social/ontology/app.bsky.feed.postgate#disableRule
https://pkg.go.dev/github.com/bluesky-social/indigo/api/bsky#RepoListRecords_Record	https://atproto.social/ontology/com.atproto.repo.listRecords#record
https://pkg.go.dev/github.com/bluesky-social/indigo/api/bsky#RepoDefs_CommitMeta	https://atproto.social/ontology/com.atproto.repo.defs#commitMeta
https://pkg.go.dev/github.com/bluesky-social/indigo/api/bsky#RepoApplyWrites_Create	https://atproto.social/ontology/com.atproto.repo.applyWrites#create
https://pkg.go.dev/github.com/bluesky-social/indigo/api/bsky#RepoApplyWrites_CreateResult	https://atproto.social/ontology/com.atproto.repo.applyWrites#createResult
https://pkg.go.dev/github.com/bluesky-social/indigo/api/bsky#RepoApplyWrites_Delete	https://atproto.social/ontology/com.atproto.repo.applyWrites#delete
https://pkg.go.dev/github.com/bluesky-social/indigo/api/bsky#RepoApplyWrites_DeleteResult	https://atproto.social/ontology/com.atproto.repo.applyWrites#deleteResult
https://pkg.go.dev/github.com/bluesky-social/indigo/api/bsky#RepoApplyWrites_Update	https://atproto.social/ontology/com.atproto.repo.applyWrites#update
https://pkg.go.dev/github.com/bluesky-social/indigo/api/bsky#RepoApplyWrites_UpdateResult	https://atproto.social/ontology/com.atproto.repo.applyWrites#updateResult
https://pkg.go.dev/github.com/bluesky-social/indigo/api/bsky#RepoListMissingBlobs_RecordBlob	https://atproto.social/ontology/com.atproto.repo.listMissingBlobs#recordBlob
https://pkg.go.dev/github.com/bluesky-social/indigo/api/bsky#SyncListReposByCollection_Repo	https://atproto.social/ontology/com.atproto.sync.listReposByCollection#repo
https://pkg.go.dev/github.com/bluesky-social/indigo/api/bsky#LabelDefs_Label	https://atproto.social/ontology/com.atproto.label.defs#label
https://pkg.go.dev/github.com/bluesky-social/indigo/api/bsky#LabelDefs_LabelValueDefinition	https://atproto.social/ontology/com.atproto.label.defs#labelValueDefinition
https://pkg.go.dev/github.com/bluesky-social/indigo/api/bsky#LabelDefs_LabelValueDefinitionStrings	https://atproto.social/ontology/com.atproto.label.defs#labelValueDefinitionStrings
https://pkg.go.dev/github.com/bluesky-social/indigo/api/bsky#LabelDefs_SelfLabel	https://atproto.social/ontology/com.atproto.label.defs#selfLabel
https://pkg.go.dev/github.com/bluesky-social/indigo/api/bsky#LabelDefs_SelfLabels	https://atproto.social/ontology/com.atproto.label.defs#selfLabels
https://pkg.go.dev/github.com/bluesky-social/indigo/api/bsky#ServerCreateAppPassword_AppPassword	https://atproto.social/ontology/com.atproto.server.createAppPassword#appPassword
https://pkg.go.dev/github.com/bluesky-social/indigo/api/bsky#IdentityDefs_IdentityInfo	https://atproto.social/ontology/com.atproto.identity.defs#identityInfo
https://pkg.go.dev/github.com/bluesky-social/indigo/api/bsky#AdminDefs_AccountView	https://atproto.social/ontology/com.atproto.admin.defs#accountView
https://pkg.go.dev/github.com/bluesky-social/indigo/api/bsky#AdminDefs_RepoBlobRef	https://atproto.social/ontology/com.atproto.admin.defs#repoBlobRef
https://pkg.go.dev/github.com/bluesky-social/indigo/api/bsky#AdminDefs_RepoRef	https://atproto.social/ontology/com.atproto.admin.defs#repoRef
https://pkg.go.dev/github.com/bluesky-social/indigo/api/bsky#AdminDefs_StatusAttr	https://atproto.social/ontology/com.atproto.admin.defs#statusAttr
https://pkg.go.dev/github.com/bluesky-social/indigo/api/bsky#AdminDefs_ThreatSignature	https://atproto.social/ontology/com.atproto.admin.defs#threatSignature
https://pkg.go.dev/github.com/bluesky-social/indigo/api/bsky#ServerListAppPasswords_AppPassword	https://atproto.social/ontology/com.atproto.server.listAppPasswords#appPassword
https://pkg.go.dev/github.com/bluesky-social/indigo/api/bsky#ServerCreateInviteCodes_AccountCodes	https://atproto.social/ontology/com.atproto.server.createInviteCodes#accountCodes
https://pkg.go.dev/github.com/bluesky-social/indigo/api/bsky#LabelSubscribeLabels_Info	https://atproto.social/ontology/com.atproto.label.subscribeLabels#info
https://pkg.go.dev/github.com/bluesky-social/indigo/api/bsky#LabelSubscribeLabels_Labels	https://atproto.social/ontology/com.atproto.label.subscribeLabels#labels
https://pkg.go.dev/github.com/bluesky-social/indigo/api/bsky#ServerDescribeServer_Contact	https://atproto.social/ontology/com.atproto.server.describeServer#contact
https://pkg.go.dev/github.com/bluesky-social/indigo/api/bsky#ServerDescribeServer_Links	https://atproto.social/ontology/com.atproto.server.describeServer#links
https://pkg.go.dev/github.com/bluesky-social/indigo/api/bsky#SyncListHosts_Host	https://atproto.social/ontology/com.atproto.sync.listHosts#host
https://pkg.go.dev/github.com/bluesky-social/indigo/api/bsky#ServerDefs_InviteCode	https://atproto.social/ontology/com.atproto.server.defs#inviteCode
https://pkg.go.dev/github.com/bluesky-social/indigo/api/bsky#ServerDefs_InviteCodeUse	https://atproto.social/ontology/com.atproto.server.defs#inviteCodeUse
https://pkg.go.dev/github.com/bluesky-social/indigo/api/bsky#SyncSubscribeRepos_Account	https://atproto.social/ontology/com.atproto.sync.subscribeRepos#account
https://pkg.go.dev/github.com/bluesky-social/indigo/api/bsky#SyncSubscribeRepos_Commit	https://atproto.social/ontology/com.atproto.sync.subscribeRepos#commit
https://pkg.go.dev/github.com/bluesky-social/indigo/api/bsky#SyncSubscribeRepos_Identity	https://atproto.social/ontology/com.atproto.sync.subscribeRepos#identity
https://pkg.go.dev/github.com/bluesky-social/indigo/api/bsky#SyncSubscribeRepos_Info	https://atproto.social/ontology/com.atproto.sync.subscribeRepos#info
https://pkg.go.dev/github.com/bluesky-social/indigo/api/bsky#SyncSubscribeRepos_RepoOp	https://atproto.social/ontology/com.atproto.sync.subscribeRepos#repoOp
https://pkg.go.dev/github.com/bluesky-social/indigo/api/bsky#SyncSubscribeRepos_Sync	https://atproto.social/ontology/com.atproto.sync.subscribeRepos#sync
https://pkg.go.dev/github.com/bluesky-social/indigo/api/bsky#SyncListRepos_Repo	https://atproto.social/ontology/com.atproto.sync.listRepos#repo
https://pkg.go.dev/github.com/bluesky-social/indigo/api/bsky#SignatureDefs_SigDetail	https://atproto.social/ontology/tools.ozone.signature.defs#sigDetail
https://pkg.go.dev/github.com/bluesky-social/indigo/api/bsky#SignatureFindRelatedAccounts_RelatedAccount	https://atproto.social/ontology/tools.ozone.signature.findRelatedAccounts#relatedAccount
https://pkg.go.dev/github.com/bluesky-social/indigo/api/bsky#VerificationGrantVerifications_GrantError	https://atproto.social/ontology/tools.ozone.verification.grantVerifications#grantError
https://pkg.go.dev/github.com/bluesky-social/indigo/api/bsky#ServerGetConfig_ServiceConfig	https://atproto.social/ontology/tools.ozone.server.getConfig#serviceConfig
https://pkg.go.dev/github.com/bluesky-social/indigo/api/bsky#ServerGetConfig_ViewerConfig	https://atproto.social/ontology/tools.ozone.server.getConfig#viewerConfig
https://pkg.go.dev/github.com/bluesky-social/indigo/api/bsky#ModerationDefs_AccountEvent	https://atproto.social/ontology/tools.ozone.moderation.defs#accountEvent
https://pkg.go.dev/github.com/bluesky-social/indigo/api/bsky#ModerationDefs_AccountHosting	https://atproto.social/ontology/tools.ozone.moderation.defs#accountHosting
https://pkg.go.dev/github.com/bluesky-social/indigo/api/bsky#ModerationDefs_AccountStats	https://atproto.social/ontology/tools.ozone.moderation.defs#accountStats
https://pkg.go.dev/github.com/bluesky-social/indigo/api/bsky#ModerationDefs_BlobView	https://atproto.social/ontology/tools.ozone.moderation.defs#blobView
https://pkg.go.dev/github.com/bluesky-social/indigo/api/bsky#ModerationDefs_IdentityEvent	https://atproto.social/ontology/tools.ozone.moderation.defs#identityEvent
https://pkg.go.dev/github.com/bluesky-social/indigo/api/bsky#ModerationDefs_ImageDetails	https://atproto.social/ontology/tools.ozone.moderation.defs#imageDetails
https://pkg.go.dev/github.com/bluesky-social/indigo/api/bsky#ModerationDefs_ModEventAcknowledge	https://atproto.social/ontology/tools.ozone.moderation.defs#modEventAcknowledge
https://pkg.go.dev/github.com/bluesky-social/indigo/api/bsky#ModerationDefs_ModEventComment	https://atproto.social/ontology/tools.ozone.moderation.defs#modEventComment
https://pkg.go.dev/github.com/bluesky-social/indigo/api/bsky#ModerationDefs_ModEventDivert	https://atproto.social/ontology/tools.ozone.moderation.defs#modEventDivert
https://pkg.go.dev/github.com/bluesky-social/indigo/api/bsky#ModerationDefs_ModEventEmail	https://atproto.social/ontology/tools.ozone.moderation.defs#modEventEmail
https://pkg.go.dev/github.com/bluesky-social/indigo/api/bsky#ModerationDefs_ModEventEscalate	https://atproto.social/ontology/tools.ozone.moderation.defs#modEventEscalate
https://pkg.go.dev/github.com/bluesky-social/indigo/api/bsky#ModerationDefs_ModEventLabel	https://atproto.social/ontology/tools.ozone.moderation.defs#modEventLabel
https://pkg.go.dev/github.com/bluesky-social/indigo/api/bsky#ModerationDefs_ModEventMute	https://atproto.social/ontology/tools.ozone.moderation.defs#modEventMute
https://pkg.go.dev/github.com/bluesky-social/indigo/api/bsky#ModerationDefs_ModEventMuteReporter	https://atproto.social/ontology/tools.ozone.moderation.defs#modEventMuteReporter
https://pkg.go.dev/github.com/bluesky-social/indigo/api/bsky#ModerationDefs_ModEventPriorityScore	https://atproto.social/ontology/tools.ozone.moderation.defs#modEventPriorityScore
https://pkg.go.dev/github.com/bluesky-social/indigo/api/bsky#ModerationDefs_ModEventReport	https://atproto.social/ontology/tools.ozone.moderation.defs#modEventReport
https://pkg.go.dev/github.com/bluesky-social/indigo/api/bsky#ModerationDefs_ModEventResolveAppeal	https://atproto.social/ontology/tools.ozone.moderation.defs#modEventResolveAppeal
https://pkg.go.dev/github.com/bluesky-social/indigo/api/bsky#ModerationDefs_ModEventReverseTakedown	https://atproto.social/ontology/tools.ozone.moderation.defs#modEventReverseTakedown
https://pkg.go.dev/github.com/bluesky-social/indigo/api/bsky#ModerationDefs_ModEventTag	https://atproto.social/ontology/tools.ozone.moderation.defs#modEventTag
https://pkg.go.dev/github.com/bluesky-social/indigo/api/bsky#ModerationDefs_ModEventTakedown	https://atproto.social/ontology/tools.ozone.moderation.defs#modEventTakedown
https://pkg.go.dev/github.com/bluesky-social/indigo/api/bsky#ModerationDefs_ModEventUnmute	https://atproto.social/ontology/tools.ozone.moderation.defs#modEventUnmute
https://pkg.go.dev/github.com/bluesky-social/indigo/api/bsky#ModerationDefs_ModEventUnmuteReporter	https://atproto.social/ontology/tools.ozone.moderation.defs#modEventUnmuteReporter
https://pkg.go.dev/github.com/bluesky-social/indigo/api/bsky#ModerationDefs_ModEventView	https://atproto.social/ontology/tools.ozone.moderation.defs#modEventView
https://pkg.go.dev/github.com/bluesky-social/indigo/api/bsky#ModerationDefs_ModEventViewDetail	https://atproto.social/ontology/tools.ozone.moderation.defs#modEventViewDetail
https://pkg.go.dev/github.com/bluesky-social/indigo/api/bsky#ModerationDefs_Moderation	https://atproto.social/ontology/tools.ozone.moderation.defs#moderation
https://pkg.go.dev/github.com/bluesky-social/indigo/api/bsky#ModerationDefs_ModerationDetail	https://atproto.social/ontology/tools.ozone.moderation.defs#moderationDetail
https://pkg.go.dev/github.com/bluesky-social/indigo/api/bsky#ModerationDefs_RecordEvent	https://atproto.social/ontology/tools.ozone.moderation.defs#recordEvent
https://pkg.go.dev/github.com/bluesky-social/indigo/api/bsky#ModerationDefs_RecordHosting	https://atproto.social/ontology/tools.ozone.moderation.defs#recordHosting
https://pkg.go.dev/github.com/bluesky-social/indigo/api/bsky#ModerationDefs_RecordView	https://atproto.social/ontology/tools.ozone.moderation.defs#recordView
https://pkg.go.dev/github.com/bluesky-social/indigo/api/bsky#ModerationDefs_RecordViewDetail	https://atproto.social/ontology/tools.ozone.moderation.defs#recordViewDetail
https://pkg.go.dev/github.com/bluesky-social/indigo/api/bsky#ModerationDefs_RecordViewNotFound	https://atproto.social/ontology/tools.ozone.moderation.defs#recordViewNotFound
https://pkg.go.dev/github.com/bluesky-social/indigo/api/bsky#ModerationDefs_RecordsStats	https://atproto.social/ontology/tools.ozone.moderation.defs#recordsStats
https://pkg.go.dev/github.com/bluesky-social/indigo/api/bsky#ModerationDefs_RepoView	https://atproto.social/ontology/tools.ozone.moderation.defs#repoView
https://pkg.go.dev/github.com/bluesky-social/indigo/api/bsky#ModerationDefs_RepoViewDetail	https://atproto.social/ontology/tools.ozone.moderation.defs#repoViewDetail
https://pkg.go.dev/github.com/bluesky-social/indigo/api/bsky#ModerationDefs_RepoViewNotFound	https://atproto.social/ontology/tools.ozone.moderation.defs#repoViewNotFound
https://pkg.go.dev/github.com/bluesky-social/indigo/api/bsky#ModerationDefs_ReporterStats	https://atproto.social/ontology/tools.ozone.moderation.defs#reporterStats
https://pkg.go.dev/github.com/bluesky-social/indigo/api/bsky#ModerationDefs_SubjectStatusView	https://atproto.social/ontology/tools.ozone.moderation.defs#subjectStatusView
https://pkg.go.dev/github.com/bluesky-social/indigo/api/bsky#ModerationDefs_SubjectView	https://atproto.social/ontology/tools.ozone.moderation.defs#subjectView
https://pkg.go.dev/github.com/bluesky-social/indigo/api/bsky#ModerationDefs_VideoDetails	https://atproto.social/ontology/tools.ozone.moderation.defs#videoDetails
https://pkg.go.dev/github.com/bluesky-social/indigo/api/bsky#SetDefs_Set	https://atproto.social/ontology/tools.ozone.set.defs#set
https://pkg.go.dev/github.com/bluesky-social/indigo/api/bsky#SetDefs_SetView	https://atproto.social/ontology/tools.ozone.set.defs#setView
https://pkg.go.dev/github.com/bluesky-social/indigo/api/bsky#SettingDefs_Option	https://atproto.social/ontology/tools.ozone.setting.defs#option
https://pkg.go.dev/github.com/bluesky-social/indigo/api/bsky#VerificationRevokeVerifications_RevokeError	https://atproto.social/ontology/tools.ozone.verification.revokeVerifications#revokeError
https://pkg.go.dev/github.com/bluesky-social/indigo/api/bsky#TeamDefs_Member	https://atproto.social/ontology/tools.ozone.team.defs#member
https://pkg.go.dev/github.com/bluesky-social/indigo/api/bsky#CommunicationDefs_TemplateView	https://atproto.social/ontology/tools.ozone.communication.defs#templateView
https://pkg.go.dev/github.com/bluesky-social/indigo/api/bsky#VerificationDefs_VerificationView	https://atproto.social/ontology/tools.ozone.verification.defs#verificationView
https://pkg.go.dev/github.com/bluesky-social/indigo/api/bsky#HostingGetAccountHistory_AccountCreated	https://atproto.social/ontology/tools.ozone.hosting.getAccountHistory#accountCreated
https://pkg.go.dev/github.com/bluesky-social/indigo/api/bsky#HostingGetAccountHistory_EmailConfirmed	https://atproto.social/ontology/tools.ozone.hosting.getAccountHistory#emailConfirmed
https://pkg.go.dev/github.com/bluesky-social/indigo/api/bsky#HostingGetAccountHistory_EmailUpdated	https://atproto.social/ontology/tools.ozone.hosting.getAccountHistory#emailUpdated
https://pkg.go.dev/github.com/bluesky-social/indigo/api/bsky#HostingGetAccountHistory_Event	https://atproto.social/ontology/tools.ozone.hosting.getAccountHistory#event
https://pkg.go.dev/github.com/bluesky-social/indigo/api/bsky#HostingGetAccountHistory_HandleUpdated	https://atproto.social/ontology/tools.ozone.hosting.getAccountHistory#handleUpdated
https://pkg.go.dev/github.com/bluesky-social/indigo/api/bsky#HostingGetAccountHistory_PasswordUpdated	https://atproto.social/ontology/tools.ozone.hosting.getAccountHistory#passwordUpdated
https://pkg.go.dev/github.com/bluesky-social/indigo/api/bsky#ModerationGetActorMetadata_Metadata	https://atproto.social/ontology/chat.bsky.moderation.getActorMetadata#metadata
https://pkg.go.dev/github.com/bluesky-social/indigo/api/bsky#ConvoDefs_ConvoView	https://atproto.social/ontology/chat.bsky.convo.defs#convoView
https://pkg.go.dev/github.com/bluesky-social/indigo/api/bsky#ConvoDefs_DeletedMessageView	https://atproto.social/ontology/chat.bsky.convo.defs#deletedMessageView
https://pkg.go.dev/github.com/bluesky-social/indigo/api/bsky#ConvoDefs_LogAcceptConvo	https://atproto.social/ontology/chat.bsky.convo.defs#logAcceptConvo
https://pkg.go.dev/github.com/bluesky-social/indigo/api/bsky#ConvoDefs_LogAddReaction	https://atproto.social/ontology/chat.bsky.convo.defs#logAddReaction
https://pkg.go.dev/github.com/bluesky-social/indigo/api/bsky#ConvoDefs_LogBeginConvo	https://atproto.social/ontology/chat.bsky.convo.defs#logBeginConvo
https://pkg.go.dev/github.com/bluesky-social/indigo/api/bsky#ConvoDefs_LogCreateMessage	https://atproto.social/ontology/chat.bsky.convo.defs#logCreateMessage
https://pkg.go.dev/github.com/bluesky-social/indigo/api/bsky#ConvoDefs_LogDeleteMessage	https://atproto.social/ontology/chat.bsky.convo.defs#logDeleteMessage
https://pkg.go.dev/github.com/bluesky-social/indigo/api/bsky#ConvoDefs_LogLeaveConvo	https://atproto.social/ontology/chat.bsky.convo.defs#logLeaveConvo
https://pkg.go.dev/github.com/bluesky-social/indigo/api/bsky#ConvoDefs_LogMuteConvo	https://atproto.social/ontology/chat.bsky.convo.defs#logMuteConvo
https://pkg.go.dev/github.com/bluesky-social/indigo/api/bsky#ConvoDefs_LogReadMessage	https://atproto.social/ontology/chat.bsky.convo.defs#logReadMessage
https://pkg.go.dev/github.com/bluesky-social/indigo/api/bsky#ConvoDefs_LogRemoveReaction	https://atproto.social/ontology/chat.bsky.convo.defs#logRemoveReaction
https://pkg.go.dev/github.com/bluesky-social/indigo/api/bsky#ConvoDefs_LogUnmuteConvo	https://atproto.social/ontology/chat.bsky.convo.defs#logUnmuteConvo
https://pkg.go.dev/github.com/bluesky-social/indigo/api/bsky#ConvoDefs_MessageAndReactionView	https://atproto.social/ontology/chat.bsky.convo.defs#messageAndReactionView
https://pkg.go.dev/github.com/bluesky-social/indigo/api/bsky#ConvoDefs_MessageRef	https://atproto.social/ontology/chat.bsky.convo.defs#messageRef
https://pkg.go.dev/github.com/bluesky-social/indigo/api/bsky#ConvoDefs_MessageView	https://atproto.social/ontology/chat.bsky.convo.defs#messageView
https://pkg.go.dev/github.com/bluesky-social/indigo/api/bsky#ConvoDefs_MessageViewSender	https://atproto.social/ontology/chat.bsky.convo.defs#messageViewSender
https://pkg.go.dev/github.com/bluesky-social/indigo/api/bsky#ConvoDefs_ReactionView	https://atproto.social/ontology/chat.bsky.convo.defs#reactionView
https://pkg.go.dev/github.com/bluesky-social/indigo/api/bsky#ConvoDefs_ReactionViewSender	https://atproto.social/ontology/chat.bsky.convo.defs#reactionViewSender
https://pkg.go.dev/github.com/bluesky-social/indigo/api/bsky#ConvoSendMessageBatch_BatchItem	https://atproto.social/ontology/chat.bsky.convo.sendMessageBatch#batchItem
